method,dataset,script,arch,gamma,seed,lr,n_z,noise,run_config_found,run_config_match,final_result_found,acc,nmi,ari,status,message,log_file
DMCAG,BDGP,train_fc.py,10,0.1,0,0.001,10,0,True,True,True,0.958,0.8976,0.9004,ok,ok,logs/stage7_dmcag_grid/BDGP/BDGP_arch10_gamma0p1_seed0.log
DMCAG,BDGP,train_fc.py,10,1,0,0.001,10,0,True,True,True,0.9784,0.9424,0.9471,ok,ok,logs/stage7_dmcag_grid/BDGP/BDGP_arch10_gamma1_seed0.log
DMCAG,BDGP,train_fc.py,50,0.1,0,0.001,10,0,True,True,True,0.516,0.4449,0.3177,ok,ok,logs/stage7_dmcag_grid/BDGP/BDGP_arch50_gamma0p1_seed0.log
DMCAG,BDGP,train_fc.py,50,1,0,0.001,10,0,True,True,True,0.8072,0.7035,0.6511,ok,ok,logs/stage7_dmcag_grid/BDGP/BDGP_arch50_gamma1_seed0.log
DMCAG,HW,train_fc.py,10,0.1,0,0.001,10,0,True,True,True,0.972,0.9392,0.9386,ok,ok,logs/stage7_dmcag_grid/HW/HW_arch10_gamma0p1_seed0.log
DMCAG,HW,train_fc.py,10,1,0,0.001,10,0,True,True,True,0.9535,0.9158,0.9043,ok,ok,logs/stage7_dmcag_grid/HW/HW_arch10_gamma1_seed0.log
DMCAG,HW,train_fc.py,50,0.1,0,0.001,10,0,True,True,True,0.9745,0.9414,0.9444,ok,ok,logs/stage7_dmcag_grid/HW/HW_arch50_gamma0p1_seed0.log
DMCAG,HW,train_fc.py,50,1,0,0.001,10,0,True,True,True,0.977,0.9479,0.9499,ok,ok,logs/stage7_dmcag_grid/HW/HW_arch50_gamma1_seed0.log
DMCAG,BDGP,train_fc.py,10,0.1,1,0.001,10,0,True,True,True,0.9656,0.9209,0.9184,ok,ok,logs/stage7_dmcag_grid/BDGP/BDGP_arch10_gamma0p1_seed1.log
DMCAG,BDGP,train_fc.py,10,0.1,2,0.001,10,0,True,True,True,0.7496,0.6464,0.5727,ok,ok,logs/stage7_dmcag_grid/BDGP/BDGP_arch10_gamma0p1_seed2.log
DMCAG,BDGP,train_fc.py,10,0.1,3,0.001,10,0,True,True,True,0.95,0.8854,0.8821,ok,ok,logs/stage7_dmcag_grid/BDGP/BDGP_arch10_gamma0p1_seed3.log
DMCAG,BDGP,train_fc.py,10,0.1,4,0.001,10,0,True,True,True,0.6544,0.5801,0.4873,ok,ok,logs/stage7_dmcag_grid/BDGP/BDGP_arch10_gamma0p1_seed4.log
DMCAG,BDGP,train_fc.py,10,1,1,0.001,10,0,True,True,True,0.9784,0.9424,0.9471,ok,ok,logs/stage7_dmcag_grid/BDGP/BDGP_arch10_gamma1_seed1.log
DMCAG,BDGP,train_fc.py,10,1,2,0.001,10,0,True,True,True,0.9664,0.9245,0.9204,ok,ok,logs/stage7_dmcag_grid/BDGP/BDGP_arch10_gamma1_seed2.log
DMCAG,BDGP,train_fc.py,10,1,3,0.001,10,0,True,True,True,0.9772,0.9397,0.9441,ok,ok,logs/stage7_dmcag_grid/BDGP/BDGP_arch10_gamma1_seed3.log
DMCAG,BDGP,train_fc.py,10,1,4,0.001,10,0,True,True,True,0.9776,0.9398,0.9453,ok,ok,logs/stage7_dmcag_grid/BDGP/BDGP_arch10_gamma1_seed4.log
DMCAG,BDGP,train_fc.py,10,10,0,0.001,10,0,True,True,True,0.9804,0.9487,0.9521,ok,ok,logs/stage7_dmcag_grid/BDGP/BDGP_arch10_gamma10_seed0.log
DMCAG,BDGP,train_fc.py,10,10,1,0.001,10,0,True,True,True,0.9812,0.9501,0.954,ok,ok,logs/stage7_dmcag_grid/BDGP/BDGP_arch10_gamma10_seed1.log
DMCAG,BDGP,train_fc.py,10,10,2,0.001,10,0,True,True,True,0.7304,0.6447,0.5764,ok,ok,logs/stage7_dmcag_grid/BDGP/BDGP_arch10_gamma10_seed2.log
DMCAG,BDGP,train_fc.py,10,10,3,0.001,10,0,True,True,True,0.9264,0.8559,0.8357,ok,ok,logs/stage7_dmcag_grid/BDGP/BDGP_arch10_gamma10_seed3.log
DMCAG,BDGP,train_fc.py,10,10,4,0.001,10,0,True,True,True,0.9056,0.818,0.7956,ok,ok,logs/stage7_dmcag_grid/BDGP/BDGP_arch10_gamma10_seed4.log
DMCAG,BDGP,train_fc.py,20,0.1,0,0.001,10,0,True,True,True,0.7756,0.6278,0.5773,ok,ok,logs/stage7_dmcag_grid/BDGP/BDGP_arch20_gamma0p1_seed0.log
DMCAG,BDGP,train_fc.py,20,0.1,1,0.001,10,0,True,True,True,0.8172,0.7123,0.6633,ok,ok,logs/stage7_dmcag_grid/BDGP/BDGP_arch20_gamma0p1_seed1.log
DMCAG,BDGP,train_fc.py,20,0.1,2,0.001,10,0,True,True,True,0.69,0.6216,0.5409,ok,ok,logs/stage7_dmcag_grid/BDGP/BDGP_arch20_gamma0p1_seed2.log
DMCAG,BDGP,train_fc.py,20,0.1,3,0.001,10,0,True,True,True,0.9656,0.9219,0.9184,ok,ok,logs/stage7_dmcag_grid/BDGP/BDGP_arch20_gamma0p1_seed3.log
DMCAG,BDGP,train_fc.py,20,0.1,4,0.001,10,0,True,True,True,0.5468,0.442,0.3416,ok,ok,logs/stage7_dmcag_grid/BDGP/BDGP_arch20_gamma0p1_seed4.log
DMCAG,BDGP,train_fc.py,20,1,0,0.001,10,0,True,True,True,0.9788,0.9432,0.9481,ok,ok,logs/stage7_dmcag_grid/BDGP/BDGP_arch20_gamma1_seed0.log
DMCAG,BDGP,train_fc.py,20,1,1,0.001,10,0,True,True,True,0.9656,0.9212,0.9183,ok,ok,logs/stage7_dmcag_grid/BDGP/BDGP_arch20_gamma1_seed1.log
DMCAG,BDGP,train_fc.py,20,1,2,0.001,10,0,True,True,True,0.978,0.9396,0.9461,ok,ok,logs/stage7_dmcag_grid/BDGP/BDGP_arch20_gamma1_seed2.log
DMCAG,BDGP,train_fc.py,20,1,3,0.001,10,0,True,True,True,0.9544,0.8975,0.8924,ok,ok,logs/stage7_dmcag_grid/BDGP/BDGP_arch20_gamma1_seed3.log
DMCAG,BDGP,train_fc.py,20,1,4,0.001,10,0,True,True,True,0.9656,0.9115,0.9172,ok,ok,logs/stage7_dmcag_grid/BDGP/BDGP_arch20_gamma1_seed4.log
DMCAG,BDGP,train_fc.py,20,10,0,0.001,10,0,True,True,True,0.9788,0.9432,0.9481,ok,ok,logs/stage7_dmcag_grid/BDGP/BDGP_arch20_gamma10_seed0.log
DMCAG,BDGP,train_fc.py,20,10,1,0.001,10,0,True,True,True,0.9696,0.9245,0.9268,ok,ok,logs/stage7_dmcag_grid/BDGP/BDGP_arch20_gamma10_seed1.log
DMCAG,BDGP,train_fc.py,20,10,2,0.001,10,0,True,True,True,0.9788,0.9432,0.9481,ok,ok,logs/stage7_dmcag_grid/BDGP/BDGP_arch20_gamma10_seed2.log
DMCAG,BDGP,train_fc.py,20,10,3,0.001,10,0,True,True,True,0.966,0.9227,0.9194,ok,ok,logs/stage7_dmcag_grid/BDGP/BDGP_arch20_gamma10_seed3.log
DMCAG,BDGP,train_fc.py,20,10,4,0.001,10,0,True,True,True,0.98,0.9479,0.9511,ok,ok,logs/stage7_dmcag_grid/BDGP/BDGP_arch20_gamma10_seed4.log
DMCAG,BDGP,train_fc.py,30,0.1,0,0.001,10,0,True,True,True,0.7656,0.7137,0.6468,ok,ok,logs/stage7_dmcag_grid/BDGP/BDGP_arch30_gamma0p1_seed0.log
DMCAG,BDGP,train_fc.py,30,0.1,1,0.001,10,0,True,True,True,0.5992,0.5024,0.3886,ok,ok,logs/stage7_dmcag_grid/BDGP/BDGP_arch30_gamma0p1_seed1.log
DMCAG,BDGP,train_fc.py,30,0.1,2,0.001,10,0,True,True,True,0.7744,0.6533,0.5929,ok,ok,logs/stage7_dmcag_grid/BDGP/BDGP_arch30_gamma0p1_seed2.log
DMCAG,BDGP,train_fc.py,30,0.1,3,0.001,10,0,True,True,True,0.8156,0.7114,0.652,ok,ok,logs/stage7_dmcag_grid/BDGP/BDGP_arch30_gamma0p1_seed3.log
DMCAG,BDGP,train_fc.py,30,0.1,4,0.001,10,0,True,True,True,0.758,0.6811,0.6146,ok,ok,logs/stage7_dmcag_grid/BDGP/BDGP_arch30_gamma0p1_seed4.log
DMCAG,BDGP,train_fc.py,30,1,0,0.001,10,0,True,True,True,0.9804,0.9487,0.9521,ok,ok,logs/stage7_dmcag_grid/BDGP/BDGP_arch30_gamma1_seed0.log
DMCAG,BDGP,train_fc.py,30,1,1,0.001,10,0,True,True,True,0.9524,0.8904,0.8876,ok,ok,logs/stage7_dmcag_grid/BDGP/BDGP_arch30_gamma1_seed1.log
DMCAG,BDGP,train_fc.py,30,1,2,0.001,10,0,True,True,True,0.9784,0.9414,0.9471,ok,ok,logs/stage7_dmcag_grid/BDGP/BDGP_arch30_gamma1_seed2.log
DMCAG,BDGP,train_fc.py,30,1,3,0.001,10,0,True,True,True,0.9648,0.9211,0.9168,ok,ok,logs/stage7_dmcag_grid/BDGP/BDGP_arch30_gamma1_seed3.log
DMCAG,BDGP,train_fc.py,30,1,4,0.001,10,0,True,True,True,0.97,0.9254,0.9277,ok,ok,logs/stage7_dmcag_grid/BDGP/BDGP_arch30_gamma1_seed4.log
DMCAG,BDGP,train_fc.py,30,10,0,0.001,10,0,True,True,True,0.9804,0.9487,0.9521,ok,ok,logs/stage7_dmcag_grid/BDGP/BDGP_arch30_gamma10_seed0.log
DMCAG,BDGP,train_fc.py,30,10,1,0.001,10,0,True,True,True,0.9784,0.9414,0.9471,ok,ok,logs/stage7_dmcag_grid/BDGP/BDGP_arch30_gamma10_seed1.log
DMCAG,BDGP,train_fc.py,30,10,2,0.001,10,0,True,True,True,0.9664,0.9245,0.9204,ok,ok,logs/stage7_dmcag_grid/BDGP/BDGP_arch30_gamma10_seed2.log
DMCAG,BDGP,train_fc.py,30,10,3,0.001,10,0,True,True,True,0.9788,0.9432,0.9481,ok,ok,logs/stage7_dmcag_grid/BDGP/BDGP_arch30_gamma10_seed3.log
DMCAG,BDGP,train_fc.py,30,10,4,0.001,10,0,True,True,True,0.9804,0.9487,0.9521,ok,ok,logs/stage7_dmcag_grid/BDGP/BDGP_arch30_gamma10_seed4.log
DMCAG,BDGP,train_fc.py,40,0.1,0,0.001,10,0,True,True,True,0.7236,0.6176,0.5333,ok,ok,logs/stage7_dmcag_grid/BDGP/BDGP_arch40_gamma0p1_seed0.log
DMCAG,BDGP,train_fc.py,40,0.1,1,0.001,10,0,True,True,True,0.6364,0.5214,0.4367,ok,ok,logs/stage7_dmcag_grid/BDGP/BDGP_arch40_gamma0p1_seed1.log
DMCAG,BDGP,train_fc.py,40,0.1,2,0.001,10,0,True,True,True,0.8032,0.6823,0.6285,ok,ok,logs/stage7_dmcag_grid/BDGP/BDGP_arch40_gamma0p1_seed2.log
DMCAG,BDGP,train_fc.py,40,0.1,3,0.001,10,0,True,True,True,0.88,0.7815,0.7555,ok,ok,logs/stage7_dmcag_grid/BDGP/BDGP_arch40_gamma0p1_seed3.log
DMCAG,BDGP,train_fc.py,40,0.1,4,0.001,10,0,True,True,True,0.778,0.6664,0.6168,ok,ok,logs/stage7_dmcag_grid/BDGP/BDGP_arch40_gamma0p1_seed4.log
DMCAG,BDGP,train_fc.py,40,1,0,0.001,10,0,True,True,True,0.7816,0.679,0.6158,ok,ok,logs/stage7_dmcag_grid/BDGP/BDGP_arch40_gamma1_seed0.log
DMCAG,BDGP,train_fc.py,40,1,1,0.001,10,0,True,True,True,0.71,0.6144,0.5264,ok,ok,logs/stage7_dmcag_grid/BDGP/BDGP_arch40_gamma1_seed1.log
DMCAG,BDGP,train_fc.py,40,1,2,0.001,10,0,True,True,True,0.7456,0.6432,0.5708,ok,ok,logs/stage7_dmcag_grid/BDGP/BDGP_arch40_gamma1_seed2.log
DMCAG,BDGP,train_fc.py,40,1,3,0.001,10,0,True,True,True,0.9516,0.8888,0.8861,ok,ok,logs/stage7_dmcag_grid/BDGP/BDGP_arch40_gamma1_seed3.log
DMCAG,BDGP,train_fc.py,40,1,4,0.001,10,0,True,True,True,0.7804,0.7436,0.6721,ok,ok,logs/stage7_dmcag_grid/BDGP/BDGP_arch40_gamma1_seed4.log
DMCAG,BDGP,train_fc.py,40,10,0,0.001,10,0,True,True,True,0.9804,0.9487,0.9521,ok,ok,logs/stage7_dmcag_grid/BDGP/BDGP_arch40_gamma10_seed0.log
DMCAG,BDGP,train_fc.py,40,10,1,0.001,10,0,True,True,True,0.966,0.913,0.9181,ok,ok,logs/stage7_dmcag_grid/BDGP/BDGP_arch40_gamma10_seed1.log
DMCAG,BDGP,train_fc.py,40,10,2,0.001,10,0,True,True,True,0.9788,0.9432,0.9481,ok,ok,logs/stage7_dmcag_grid/BDGP/BDGP_arch40_gamma10_seed2.log
DMCAG,BDGP,train_fc.py,40,10,3,0.001,10,0,True,True,True,0.9644,0.9193,0.9158,ok,ok,logs/stage7_dmcag_grid/BDGP/BDGP_arch40_gamma10_seed3.log
DMCAG,BDGP,train_fc.py,40,10,4,0.001,10,0,True,True,True,0.98,0.9479,0.9511,ok,ok,logs/stage7_dmcag_grid/BDGP/BDGP_arch40_gamma10_seed4.log
DMCAG,BDGP,train_fc.py,50,0.1,1,0.001,10,0,True,True,True,0.8012,0.7504,0.681,ok,ok,logs/stage7_dmcag_grid/BDGP/BDGP_arch50_gamma0p1_seed1.log
DMCAG,BDGP,train_fc.py,50,0.1,2,0.001,10,0,True,True,True,0.6256,0.5683,0.484,ok,ok,logs/stage7_dmcag_grid/BDGP/BDGP_arch50_gamma0p1_seed2.log
DMCAG,BDGP,train_fc.py,50,0.1,3,0.001,10,0,True,True,True,0.7276,0.6595,0.5908,ok,ok,logs/stage7_dmcag_grid/BDGP/BDGP_arch50_gamma0p1_seed3.log
DMCAG,BDGP,train_fc.py,50,0.1,4,0.001,10,0,True,True,True,0.6404,0.5269,0.4538,ok,ok,logs/stage7_dmcag_grid/BDGP/BDGP_arch50_gamma0p1_seed4.log
DMCAG,BDGP,train_fc.py,50,1,1,0.001,10,0,True,True,True,0.6524,0.6059,0.5108,ok,ok,logs/stage7_dmcag_grid/BDGP/BDGP_arch50_gamma1_seed1.log
DMCAG,BDGP,train_fc.py,50,1,2,0.001,10,0,True,True,True,0.9616,0.9104,0.9088,ok,ok,logs/stage7_dmcag_grid/BDGP/BDGP_arch50_gamma1_seed2.log
DMCAG,BDGP,train_fc.py,50,1,3,0.001,10,0,True,True,True,0.9524,0.8913,0.8878,ok,ok,logs/stage7_dmcag_grid/BDGP/BDGP_arch50_gamma1_seed3.log
DMCAG,BDGP,train_fc.py,50,1,4,0.001,10,0,True,True,True,0.7276,0.6459,0.5743,ok,ok,logs/stage7_dmcag_grid/BDGP/BDGP_arch50_gamma1_seed4.log
DMCAG,BDGP,train_fc.py,50,10,0,0.001,10,0,True,True,True,0.9804,0.9487,0.9521,ok,ok,logs/stage7_dmcag_grid/BDGP/BDGP_arch50_gamma10_seed0.log
DMCAG,BDGP,train_fc.py,50,10,1,0.001,10,0,True,True,True,0.9756,0.9325,0.9403,ok,ok,logs/stage7_dmcag_grid/BDGP/BDGP_arch50_gamma10_seed1.log
DMCAG,BDGP,train_fc.py,50,10,2,0.001,10,0,True,True,True,0.9664,0.9245,0.9204,ok,ok,logs/stage7_dmcag_grid/BDGP/BDGP_arch50_gamma10_seed2.log
DMCAG,BDGP,train_fc.py,50,10,3,0.001,10,0,True,True,True,0.9648,0.9211,0.9168,ok,ok,logs/stage7_dmcag_grid/BDGP/BDGP_arch50_gamma10_seed3.log
DMCAG,BDGP,train_fc.py,50,10,4,0.001,10,0,True,True,True,0.98,0.9479,0.9511,ok,ok,logs/stage7_dmcag_grid/BDGP/BDGP_arch50_gamma10_seed4.log
DMCAG,BDGP,train_fc.py,60,0.1,0,0.001,10,0,True,True,True,0.7,0.588,0.496,ok,ok,logs/stage7_dmcag_grid/BDGP/BDGP_arch60_gamma0p1_seed0.log
DMCAG,BDGP,train_fc.py,60,0.1,1,0.001,10,0,True,True,True,0.9372,0.8695,0.8576,ok,ok,logs/stage7_dmcag_grid/BDGP/BDGP_arch60_gamma0p1_seed1.log
DMCAG,BDGP,train_fc.py,60,0.1,2,0.001,10,0,True,True,True,0.7236,0.6269,0.5446,ok,ok,logs/stage7_dmcag_grid/BDGP/BDGP_arch60_gamma0p1_seed2.log
DMCAG,BDGP,train_fc.py,60,0.1,3,0.001,10,0,True,True,True,0.968,0.9163,0.9223,ok,ok,logs/stage7_dmcag_grid/BDGP/BDGP_arch60_gamma0p1_seed3.log
DMCAG,BDGP,train_fc.py,60,0.1,4,0.001,10,0,True,True,True,0.5924,0.4979,0.4035,ok,ok,logs/stage7_dmcag_grid/BDGP/BDGP_arch60_gamma0p1_seed4.log
DMCAG,BDGP,train_fc.py,60,1,0,0.001,10,0,True,True,True,0.7888,0.6763,0.615,ok,ok,logs/stage7_dmcag_grid/BDGP/BDGP_arch60_gamma1_seed0.log
DMCAG,BDGP,train_fc.py,60,1,1,0.001,10,0,True,True,True,0.6672,0.6324,0.5358,ok,ok,logs/stage7_dmcag_grid/BDGP/BDGP_arch60_gamma1_seed1.log
DMCAG,BDGP,train_fc.py,60,1,2,0.001,10,0,True,True,True,0.7092,0.6325,0.5544,ok,ok,logs/stage7_dmcag_grid/BDGP/BDGP_arch60_gamma1_seed2.log
DMCAG,BDGP,train_fc.py,60,1,3,0.001,10,0,True,True,True,0.9628,0.9142,0.9119,ok,ok,logs/stage7_dmcag_grid/BDGP/BDGP_arch60_gamma1_seed3.log
DMCAG,BDGP,train_fc.py,60,1,4,0.001,10,0,True,True,True,0.9692,0.9219,0.9257,ok,ok,logs/stage7_dmcag_grid/BDGP/BDGP_arch60_gamma1_seed4.log
DMCAG,BDGP,train_fc.py,60,10,0,0.001,10,0,True,True,True,0.9804,0.9487,0.9521,ok,ok,logs/stage7_dmcag_grid/BDGP/BDGP_arch60_gamma10_seed0.log
DMCAG,BDGP,train_fc.py,60,10,1,0.001,10,0,True,True,True,0.9796,0.9461,0.9502,ok,ok,logs/stage7_dmcag_grid/BDGP/BDGP_arch60_gamma10_seed1.log
DMCAG,BDGP,train_fc.py,60,10,2,0.001,10,0,True,True,True,0.9644,0.9193,0.9158,ok,ok,logs/stage7_dmcag_grid/BDGP/BDGP_arch60_gamma10_seed2.log
DMCAG,BDGP,train_fc.py,60,10,3,0.001,10,0,True,True,True,0.9768,0.9379,0.9431,ok,ok,logs/stage7_dmcag_grid/BDGP/BDGP_arch60_gamma10_seed3.log
DMCAG,BDGP,train_fc.py,60,10,4,0.001,10,0,True,True,True,0.98,0.9479,0.9511,ok,ok,logs/stage7_dmcag_grid/BDGP/BDGP_arch60_gamma10_seed4.log
DMCAG,BDGP,train_fc.py,80,0.1,0,0.001,10,0,True,True,True,0.7024,0.5791,0.5035,ok,ok,logs/stage7_dmcag_grid/BDGP/BDGP_arch80_gamma0p1_seed0.log
DMCAG,BDGP,train_fc.py,80,0.1,1,0.001,10,0,True,True,True,0.7556,0.6558,0.5931,ok,ok,logs/stage7_dmcag_grid/BDGP/BDGP_arch80_gamma0p1_seed1.log
DMCAG,BDGP,train_fc.py,80,0.1,2,0.001,10,0,True,True,True,0.6248,0.4924,0.3845,ok,ok,logs/stage7_dmcag_grid/BDGP/BDGP_arch80_gamma0p1_seed2.log
DMCAG,BDGP,train_fc.py,80,0.1,3,0.001,10,0,True,True,True,0.6928,0.5625,0.5095,ok,ok,logs/stage7_dmcag_grid/BDGP/BDGP_arch80_gamma0p1_seed3.log
DMCAG,BDGP,train_fc.py,80,0.1,4,0.001,10,0,True,True,True,0.6592,0.519,0.4465,ok,ok,logs/stage7_dmcag_grid/BDGP/BDGP_arch80_gamma0p1_seed4.log
DMCAG,BDGP,train_fc.py,80,1,0,0.001,10,0,True,True,True,0.8,0.707,0.6428,ok,ok,logs/stage7_dmcag_grid/BDGP/BDGP_arch80_gamma1_seed0.log
DMCAG,BDGP,train_fc.py,80,1,1,0.001,10,0,True,True,True,0.6656,0.6261,0.5236,ok,ok,logs/stage7_dmcag_grid/BDGP/BDGP_arch80_gamma1_seed1.log
DMCAG,BDGP,train_fc.py,80,1,2,0.001,10,0,True,True,True,0.7468,0.6628,0.5944,ok,ok,logs/stage7_dmcag_grid/BDGP/BDGP_arch80_gamma1_seed2.log
DMCAG,BDGP,train_fc.py,80,1,3,0.001,10,0,True,True,True,0.692,0.6185,0.5415,ok,ok,logs/stage7_dmcag_grid/BDGP/BDGP_arch80_gamma1_seed3.log
DMCAG,BDGP,train_fc.py,80,1,4,0.001,10,0,True,True,True,0.6272,0.5628,0.4786,ok,ok,logs/stage7_dmcag_grid/BDGP/BDGP_arch80_gamma1_seed4.log
DMCAG,BDGP,train_fc.py,80,10,0,0.001,10,0,True,True,True,0.9804,0.9487,0.9521,ok,ok,logs/stage7_dmcag_grid/BDGP/BDGP_arch80_gamma10_seed0.log
DMCAG,BDGP,train_fc.py,80,10,1,0.001,10,0,True,True,True,0.976,0.9333,0.9412,ok,ok,logs/stage7_dmcag_grid/BDGP/BDGP_arch80_gamma10_seed1.log
DMCAG,BDGP,train_fc.py,80,10,2,0.001,10,0,True,True,True,0.9664,0.9245,0.9204,ok,ok,logs/stage7_dmcag_grid/BDGP/BDGP_arch80_gamma10_seed2.log
DMCAG,BDGP,train_fc.py,80,10,3,0.001,10,0,True,True,True,0.9616,0.9104,0.9088,ok,ok,logs/stage7_dmcag_grid/BDGP/BDGP_arch80_gamma10_seed3.log
DMCAG,BDGP,train_fc.py,80,10,4,0.001,10,0,True,True,True,0.9776,0.9398,0.9453,ok,ok,logs/stage7_dmcag_grid/BDGP/BDGP_arch80_gamma10_seed4.log
DMCAG,BDGP,train_fc.py,100,0.1,0,0.001,10,0,True,True,True,0.9532,0.887,0.8891,ok,ok,logs/stage7_dmcag_grid/BDGP/BDGP_arch100_gamma0p1_seed0.log
DMCAG,BDGP,train_fc.py,100,0.1,1,0.001,10,0,True,True,True,0.7196,0.5928,0.511,ok,ok,logs/stage7_dmcag_grid/BDGP/BDGP_arch100_gamma0p1_seed1.log
DMCAG,BDGP,train_fc.py,100,0.1,2,0.001,10,0,True,True,True,0.6744,0.5676,0.4498,ok,ok,logs/stage7_dmcag_grid/BDGP/BDGP_arch100_gamma0p1_seed2.log
DMCAG,BDGP,train_fc.py,100,0.1,3,0.001,10,0,True,True,True,0.6676,0.5399,0.4519,ok,ok,logs/stage7_dmcag_grid/BDGP/BDGP_arch100_gamma0p1_seed3.log
DMCAG,BDGP,train_fc.py,100,0.1,4,0.001,10,0,True,True,True,0.7432,0.6146,0.5572,ok,ok,logs/stage7_dmcag_grid/BDGP/BDGP_arch100_gamma0p1_seed4.log
DMCAG,BDGP,train_fc.py,100,1,0,0.001,10,0,True,True,True,0.7924,0.6968,0.6277,ok,ok,logs/stage7_dmcag_grid/BDGP/BDGP_arch100_gamma1_seed0.log
DMCAG,BDGP,train_fc.py,100,1,1,0.001,10,0,True,True,True,0.6636,0.6412,0.5456,ok,ok,logs/stage7_dmcag_grid/BDGP/BDGP_arch100_gamma1_seed1.log
DMCAG,BDGP,train_fc.py,100,1,2,0.001,10,0,True,True,True,0.7384,0.6393,0.5717,ok,ok,logs/stage7_dmcag_grid/BDGP/BDGP_arch100_gamma1_seed2.log
DMCAG,BDGP,train_fc.py,100,1,3,0.001,10,0,True,True,True,0.8024,0.7153,0.6555,ok,ok,logs/stage7_dmcag_grid/BDGP/BDGP_arch100_gamma1_seed3.log
DMCAG,BDGP,train_fc.py,100,1,4,0.001,10,0,True,True,True,0.6172,0.5562,0.4781,ok,ok,logs/stage7_dmcag_grid/BDGP/BDGP_arch100_gamma1_seed4.log
DMCAG,BDGP,train_fc.py,100,10,0,0.001,10,0,True,True,True,0.9788,0.9432,0.9481,ok,ok,logs/stage7_dmcag_grid/BDGP/BDGP_arch100_gamma10_seed0.log
DMCAG,BDGP,train_fc.py,100,10,1,0.001,10,0,True,True,True,0.9748,0.9297,0.9383,ok,ok,logs/stage7_dmcag_grid/BDGP/BDGP_arch100_gamma10_seed1.log
DMCAG,BDGP,train_fc.py,100,10,2,0.001,10,0,True,True,True,0.964,0.9164,0.9145,ok,ok,logs/stage7_dmcag_grid/BDGP/BDGP_arch100_gamma10_seed2.log
DMCAG,BDGP,train_fc.py,100,10,3,0.001,10,0,True,True,True,0.9768,0.9379,0.9431,ok,ok,logs/stage7_dmcag_grid/BDGP/BDGP_arch100_gamma10_seed3.log
DMCAG,BDGP,train_fc.py,100,10,4,0.001,10,0,True,True,True,0.9776,0.9398,0.9453,ok,ok,logs/stage7_dmcag_grid/BDGP/BDGP_arch100_gamma10_seed4.log
DMCAG,HW,train_fc.py,10,0.1,1,0.001,10,0,True,True,True,0.977,0.9466,0.9495,ok,ok,logs/stage7_dmcag_grid/HW/HW_arch10_gamma0p1_seed1.log
DMCAG,HW,train_fc.py,10,0.1,2,0.001,10,0,True,True,True,0.98,0.9538,0.9562,ok,ok,logs/stage7_dmcag_grid/HW/HW_arch10_gamma0p1_seed2.log
DMCAG,HW,train_fc.py,10,0.1,3,0.001,10,0,True,True,True,0.9805,0.9536,0.9571,ok,ok,logs/stage7_dmcag_grid/HW/HW_arch10_gamma0p1_seed3.log
DMCAG,HW,train_fc.py,10,0.1,4,0.001,10,0,True,True,True,0.9665,0.9299,0.926,ok,ok,logs/stage7_dmcag_grid/HW/HW_arch10_gamma0p1_seed4.log
DMCAG,HW,train_fc.py,10,1,1,0.001,10,0,True,True,True,0.9755,0.9446,0.9465,ok,ok,logs/stage7_dmcag_grid/HW/HW_arch10_gamma1_seed1.log
DMCAG,HW,train_fc.py,10,1,2,0.001,10,0,True,True,True,0.981,0.9552,0.9582,ok,ok,logs/stage7_dmcag_grid/HW/HW_arch10_gamma1_seed2.log
DMCAG,HW,train_fc.py,10,1,3,0.001,10,0,True,True,True,0.9775,0.9497,0.9508,ok,ok,logs/stage7_dmcag_grid/HW/HW_arch10_gamma1_seed3.log
DMCAG,HW,train_fc.py,10,1,4,0.001,10,0,True,True,True,0.969,0.9358,0.9313,ok,ok,logs/stage7_dmcag_grid/HW/HW_arch10_gamma1_seed4.log
DMCAG,HW,train_fc.py,10,10,0,0.001,10,0,True,True,True,0.9755,0.9438,0.9465,ok,ok,logs/stage7_dmcag_grid/HW/HW_arch10_gamma10_seed0.log
DMCAG,HW,train_fc.py,10,10,1,0.001,10,0,True,True,True,0.9785,0.9504,0.9529,ok,ok,logs/stage7_dmcag_grid/HW/HW_arch10_gamma10_seed1.log
DMCAG,HW,train_fc.py,10,10,2,0.001,10,0,True,True,True,0.9805,0.9545,0.9573,ok,ok,logs/stage7_dmcag_grid/HW/HW_arch10_gamma10_seed2.log
DMCAG,HW,train_fc.py,10,10,3,0.001,10,0,True,True,True,0.9775,0.9488,0.9508,ok,ok,logs/stage7_dmcag_grid/HW/HW_arch10_gamma10_seed3.log
DMCAG,HW,train_fc.py,10,10,4,0.001,10,0,True,True,True,0.972,0.9385,0.9391,ok,ok,logs/stage7_dmcag_grid/HW/HW_arch10_gamma10_seed4.log
DMCAG,HW,train_fc.py,20,0.1,0,0.001,10,0,True,True,True,0.979,0.9522,0.954,ok,ok,logs/stage7_dmcag_grid/HW/HW_arch20_gamma0p1_seed0.log
DMCAG,HW,train_fc.py,20,0.1,1,0.001,10,0,True,True,True,0.974,0.9427,0.9434,ok,ok,logs/stage7_dmcag_grid/HW/HW_arch20_gamma0p1_seed1.log
DMCAG,HW,train_fc.py,20,0.1,2,0.001,10,0,True,True,True,0.9805,0.9542,0.9573,ok,ok,logs/stage7_dmcag_grid/HW/HW_arch20_gamma0p1_seed2.log
DMCAG,HW,train_fc.py,20,0.1,3,0.001,10,0,True,True,True,0.9755,0.9439,0.9465,ok,ok,logs/stage7_dmcag_grid/HW/HW_arch20_gamma0p1_seed3.log
DMCAG,HW,train_fc.py,20,0.1,4,0.001,10,0,True,True,True,0.978,0.948,0.9518,ok,ok,logs/stage7_dmcag_grid/HW/HW_arch20_gamma0p1_seed4.log
DMCAG,HW,train_fc.py,20,1,0,0.001,10,0,True,True,True,0.9775,0.9492,0.951,ok,ok,logs/stage7_dmcag_grid/HW/HW_arch20_gamma1_seed0.log
DMCAG,HW,train_fc.py,20,1,1,0.001,10,0,True,True,True,0.977,0.9463,0.9496,ok,ok,logs/stage7_dmcag_grid/HW/HW_arch20_gamma1_seed1.log
DMCAG,HW,train_fc.py,20,1,2,0.001,10,0,True,True,True,0.978,0.9503,0.9519,ok,ok,logs/stage7_dmcag_grid/HW/HW_arch20_gamma1_seed2.log
DMCAG,HW,train_fc.py,20,1,3,0.001,10,0,True,True,True,0.9765,0.9489,0.9488,ok,ok,logs/stage7_dmcag_grid/HW/HW_arch20_gamma1_seed3.log
DMCAG,HW,train_fc.py,20,1,4,0.001,10,0,True,True,True,0.9795,0.9516,0.955,ok,ok,logs/stage7_dmcag_grid/HW/HW_arch20_gamma1_seed4.log
DMCAG,HW,train_fc.py,20,10,0,0.001,10,0,True,True,True,0.9795,0.9538,0.9552,ok,ok,logs/stage7_dmcag_grid/HW/HW_arch20_gamma10_seed0.log
DMCAG,HW,train_fc.py,20,10,1,0.001,10,0,True,True,True,0.9745,0.9429,0.9445,ok,ok,logs/stage7_dmcag_grid/HW/HW_arch20_gamma10_seed1.log
DMCAG,HW,train_fc.py,20,10,2,0.001,10,0,True,True,True,0.979,0.95,0.9538,ok,ok,logs/stage7_dmcag_grid/HW/HW_arch20_gamma10_seed2.log
DMCAG,HW,train_fc.py,20,10,3,0.001,10,0,True,True,True,0.9815,0.9564,0.9594,ok,ok,logs/stage7_dmcag_grid/HW/HW_arch20_gamma10_seed3.log
DMCAG,HW,train_fc.py,20,10,4,0.001,10,0,True,True,True,0.9785,0.9501,0.9528,ok,ok,logs/stage7_dmcag_grid/HW/HW_arch20_gamma10_seed4.log
DMCAG,HW,train_fc.py,30,0.1,0,0.001,10,0,True,True,True,0.9765,0.9469,0.9486,ok,ok,logs/stage7_dmcag_grid/HW/HW_arch30_gamma0p1_seed0.log
DMCAG,HW,train_fc.py,30,0.1,1,0.001,10,0,True,True,True,0.92,0.8946,0.8435,ok,ok,logs/stage7_dmcag_grid/HW/HW_arch30_gamma0p1_seed1.log
DMCAG,HW,train_fc.py,30,0.1,2,0.001,10,0,True,True,True,0.8335,0.839,0.7705,ok,ok,logs/stage7_dmcag_grid/HW/HW_arch30_gamma0p1_seed2.log
DMCAG,HW,train_fc.py,30,0.1,3,0.001,10,0,True,True,True,0.98,0.9542,0.9562,ok,ok,logs/stage7_dmcag_grid/HW/HW_arch30_gamma0p1_seed3.log
DMCAG,HW,train_fc.py,30,0.1,4,0.001,10,0,True,True,True,0.976,0.9455,0.9475,ok,ok,logs/stage7_dmcag_grid/HW/HW_arch30_gamma0p1_seed4.log
DMCAG,HW,train_fc.py,30,1,0,0.001,10,0,True,True,True,0.9765,0.9462,0.9485,ok,ok,logs/stage7_dmcag_grid/HW/HW_arch30_gamma1_seed0.log
DMCAG,HW,train_fc.py,30,1,1,0.001,10,0,True,True,True,0.9775,0.9488,0.9509,ok,ok,logs/stage7_dmcag_grid/HW/HW_arch30_gamma1_seed1.log
DMCAG,HW,train_fc.py,30,1,2,0.001,10,0,True,True,True,0.9805,0.9546,0.9572,ok,ok,logs/stage7_dmcag_grid/HW/HW_arch30_gamma1_seed2.log
DMCAG,HW,train_fc.py,30,1,3,0.001,10,0,True,True,True,0.9795,0.952,0.9551,ok,ok,logs/stage7_dmcag_grid/HW/HW_arch30_gamma1_seed3.log
DMCAG,HW,train_fc.py,30,1,4,0.001,10,0,True,True,True,0.9765,0.946,0.9486,ok,ok,logs/stage7_dmcag_grid/HW/HW_arch30_gamma1_seed4.log
DMCAG,HW,train_fc.py,30,10,0,0.001,10,0,True,True,True,0.9775,0.9484,0.9508,ok,ok,logs/stage7_dmcag_grid/HW/HW_arch30_gamma10_seed0.log
DMCAG,HW,train_fc.py,30,10,1,0.001,10,0,True,True,True,0.9775,0.9487,0.9509,ok,ok,logs/stage7_dmcag_grid/HW/HW_arch30_gamma10_seed1.log
DMCAG,HW,train_fc.py,30,10,2,0.001,10,0,True,True,True,0.9765,0.9453,0.9484,ok,ok,logs/stage7_dmcag_grid/HW/HW_arch30_gamma10_seed2.log
DMCAG,HW,train_fc.py,30,10,3,0.001,10,0,True,True,True,0.976,0.946,0.9476,ok,ok,logs/stage7_dmcag_grid/HW/HW_arch30_gamma10_seed3.log
DMCAG,HW,train_fc.py,30,10,4,0.001,10,0,True,True,True,0.9785,0.9492,0.9528,ok,ok,logs/stage7_dmcag_grid/HW/HW_arch30_gamma10_seed4.log
DMCAG,HW,train_fc.py,40,0.1,0,0.001,10,0,True,True,True,0.98,0.9532,0.9562,ok,ok,logs/stage7_dmcag_grid/HW/HW_arch40_gamma0p1_seed0.log
DMCAG,HW,train_fc.py,40,0.1,1,0.001,10,0,True,True,True,0.9765,0.9453,0.9486,ok,ok,logs/stage7_dmcag_grid/HW/HW_arch40_gamma0p1_seed1.log
DMCAG,HW,train_fc.py,40,0.1,2,0.001,10,0,True,True,True,0.907,0.8788,0.8272,ok,ok,logs/stage7_dmcag_grid/HW/HW_arch40_gamma0p1_seed2.log
DMCAG,HW,train_fc.py,40,0.1,3,0.001,10,0,True,True,True,0.977,0.9481,0.9497,ok,ok,logs/stage7_dmcag_grid/HW/HW_arch40_gamma0p1_seed3.log
DMCAG,HW,train_fc.py,40,0.1,4,0.001,10,0,True,True,True,0.9755,0.9433,0.9466,ok,ok,logs/stage7_dmcag_grid/HW/HW_arch40_gamma0p1_seed4.log
DMCAG,HW,train_fc.py,40,1,0,0.001,10,0,True,True,True,0.9775,0.9482,0.9509,ok,ok,logs/stage7_dmcag_grid/HW/HW_arch40_gamma1_seed0.log
DMCAG,HW,train_fc.py,40,1,1,0.001,10,0,True,True,True,0.976,0.946,0.9477,ok,ok,logs/stage7_dmcag_grid/HW/HW_arch40_gamma1_seed1.log
DMCAG,HW,train_fc.py,40,1,2,0.001,10,0,True,True,True,0.98,0.9549,0.9564,ok,ok,logs/stage7_dmcag_grid/HW/HW_arch40_gamma1_seed2.log
DMCAG,HW,train_fc.py,40,1,3,0.001,10,0,True,True,True,0.975,0.9449,0.9455,ok,ok,logs/stage7_dmcag_grid/HW/HW_arch40_gamma1_seed3.log
DMCAG,HW,train_fc.py,40,1,4,0.001,10,0,True,True,True,0.9755,0.944,0.9465,ok,ok,logs/stage7_dmcag_grid/HW/HW_arch40_gamma1_seed4.log
DMCAG,HW,train_fc.py,40,10,0,0.001,10,0,True,True,True,0.9785,0.9519,0.953,ok,ok,logs/stage7_dmcag_grid/HW/HW_arch40_gamma10_seed0.log
DMCAG,HW,train_fc.py,40,10,1,0.001,10,0,True,True,True,0.977,0.9449,0.9495,ok,ok,logs/stage7_dmcag_grid/HW/HW_arch40_gamma10_seed1.log
DMCAG,HW,train_fc.py,40,10,2,0.001,10,0,True,True,True,0.98,0.9547,0.9563,ok,ok,logs/stage7_dmcag_grid/HW/HW_arch40_gamma10_seed2.log
DMCAG,HW,train_fc.py,40,10,3,0.001,10,0,True,True,True,0.9735,0.9407,0.9423,ok,ok,logs/stage7_dmcag_grid/HW/HW_arch40_gamma10_seed3.log
DMCAG,HW,train_fc.py,40,10,4,0.001,10,0,True,True,True,0.9805,0.9541,0.9572,ok,ok,logs/stage7_dmcag_grid/HW/HW_arch40_gamma10_seed4.log
DMCAG,HW,train_fc.py,50,0.1,1,0.001,10,0,True,True,True,0.9775,0.9498,0.951,ok,ok,logs/stage7_dmcag_grid/HW/HW_arch50_gamma0p1_seed1.log
DMCAG,HW,train_fc.py,50,0.1,2,0.001,10,0,True,True,True,0.979,0.9523,0.9541,ok,ok,logs/stage7_dmcag_grid/HW/HW_arch50_gamma0p1_seed2.log
DMCAG,HW,train_fc.py,50,0.1,3,0.001,10,0,True,True,True,0.9795,0.9531,0.9551,ok,ok,logs/stage7_dmcag_grid/HW/HW_arch50_gamma0p1_seed3.log
DMCAG,HW,train_fc.py,50,0.1,4,0.001,10,0,True,True,True,0.975,0.943,0.9453,ok,ok,logs/stage7_dmcag_grid/HW/HW_arch50_gamma0p1_seed4.log
DMCAG,HW,train_fc.py,50,1,1,0.001,10,0,True,True,True,0.977,0.9477,0.9498,ok,ok,logs/stage7_dmcag_grid/HW/HW_arch50_gamma1_seed1.log
DMCAG,HW,train_fc.py,50,1,2,0.001,10,0,True,True,True,0.959,0.928,0.9152,ok,ok,logs/stage7_dmcag_grid/HW/HW_arch50_gamma1_seed2.log
DMCAG,HW,train_fc.py,50,1,3,0.001,10,0,True,True,True,0.9715,0.9379,0.9382,ok,ok,logs/stage7_dmcag_grid/HW/HW_arch50_gamma1_seed3.log
DMCAG,HW,train_fc.py,50,1,4,0.001,10,0,True,True,True,0.975,0.9422,0.9454,ok,ok,logs/stage7_dmcag_grid/HW/HW_arch50_gamma1_seed4.log
DMCAG,HW,train_fc.py,50,10,0,0.001,10,0,True,True,True,0.9795,0.9525,0.9551,ok,ok,logs/stage7_dmcag_grid/HW/HW_arch50_gamma10_seed0.log
DMCAG,HW,train_fc.py,50,10,1,0.001,10,0,True,True,True,0.9745,0.9426,0.9444,ok,ok,logs/stage7_dmcag_grid/HW/HW_arch50_gamma10_seed1.log
DMCAG,HW,train_fc.py,50,10,2,0.001,10,0,True,True,True,0.981,0.9566,0.9583,ok,ok,logs/stage7_dmcag_grid/HW/HW_arch50_gamma10_seed2.log
DMCAG,HW,train_fc.py,50,10,3,0.001,10,0,True,True,True,0.978,0.9497,0.9518,ok,ok,logs/stage7_dmcag_grid/HW/HW_arch50_gamma10_seed3.log
DMCAG,HW,train_fc.py,50,10,4,0.001,10,0,True,True,True,0.979,0.9517,0.954,ok,ok,logs/stage7_dmcag_grid/HW/HW_arch50_gamma10_seed4.log
DMCAG,HW,train_fc.py,60,0.1,0,0.001,10,0,True,True,True,0.9745,0.9419,0.9445,ok,ok,logs/stage7_dmcag_grid/HW/HW_arch60_gamma0p1_seed0.log
DMCAG,HW,train_fc.py,60,0.1,1,0.001,10,0,True,True,True,0.978,0.9504,0.9521,ok,ok,logs/stage7_dmcag_grid/HW/HW_arch60_gamma0p1_seed1.log
DMCAG,HW,train_fc.py,60,0.1,2,0.001,10,0,True,True,True,0.979,0.9533,0.9543,ok,ok,logs/stage7_dmcag_grid/HW/HW_arch60_gamma0p1_seed2.log
DMCAG,HW,train_fc.py,60,0.1,3,0.001,10,0,True,True,True,0.8505,0.8605,0.7902,ok,ok,logs/stage7_dmcag_grid/HW/HW_arch60_gamma0p1_seed3.log
DMCAG,HW,train_fc.py,60,0.1,4,0.001,10,0,True,True,True,0.9765,0.9472,0.9487,ok,ok,logs/stage7_dmcag_grid/HW/HW_arch60_gamma0p1_seed4.log
DMCAG,HW,train_fc.py,60,1,0,0.001,10,0,True,True,True,0.9745,0.9441,0.9446,ok,ok,logs/stage7_dmcag_grid/HW/HW_arch60_gamma1_seed0.log
DMCAG,HW,train_fc.py,60,1,1,0.001,10,0,True,True,True,0.976,0.9472,0.9476,ok,ok,logs/stage7_dmcag_grid/HW/HW_arch60_gamma1_seed1.log
DMCAG,HW,train_fc.py,60,1,2,0.001,10,0,True,True,True,0.977,0.9471,0.9499,ok,ok,logs/stage7_dmcag_grid/HW/HW_arch60_gamma1_seed2.log
DMCAG,HW,train_fc.py,60,1,3,0.001,10,0,True,True,True,0.8725,0.8611,0.7929,ok,ok,logs/stage7_dmcag_grid/HW/HW_arch60_gamma1_seed3.log
DMCAG,HW,train_fc.py,60,1,4,0.001,10,0,True,True,True,0.9815,0.9563,0.9593,ok,ok,logs/stage7_dmcag_grid/HW/HW_arch60_gamma1_seed4.log
DMCAG,HW,train_fc.py,60,10,0,0.001,10,0,True,True,True,0.9775,0.9493,0.9509,ok,ok,logs/stage7_dmcag_grid/HW/HW_arch60_gamma10_seed0.log
DMCAG,HW,train_fc.py,60,10,1,0.001,10,0,True,True,True,0.976,0.9457,0.9476,ok,ok,logs/stage7_dmcag_grid/HW/HW_arch60_gamma10_seed1.log
DMCAG,HW,train_fc.py,60,10,2,0.001,10,0,True,True,True,0.98,0.9544,0.9562,ok,ok,logs/stage7_dmcag_grid/HW/HW_arch60_gamma10_seed2.log
DMCAG,HW,train_fc.py,60,10,3,0.001,10,0,True,True,True,0.9765,0.9458,0.9486,ok,ok,logs/stage7_dmcag_grid/HW/HW_arch60_gamma10_seed3.log
DMCAG,HW,train_fc.py,60,10,4,0.001,10,0,True,True,True,0.9675,0.9311,0.9296,ok,ok,logs/stage7_dmcag_grid/HW/HW_arch60_gamma10_seed4.log
DMCAG,HW,train_fc.py,80,0.1,0,0.001,10,0,True,True,True,0.852,0.8614,0.7791,ok,ok,logs/stage7_dmcag_grid/HW/HW_arch80_gamma0p1_seed0.log
DMCAG,HW,train_fc.py,80,0.1,1,0.001,10,0,True,True,True,0.865,0.8585,0.7915,ok,ok,logs/stage7_dmcag_grid/HW/HW_arch80_gamma0p1_seed1.log
DMCAG,HW,train_fc.py,80,0.1,2,0.001,10,0,True,True,True,0.85,0.867,0.7948,ok,ok,logs/stage7_dmcag_grid/HW/HW_arch80_gamma0p1_seed2.log
DMCAG,HW,train_fc.py,80,0.1,3,0.001,10,0,True,True,True,0.8545,0.829,0.7364,ok,ok,logs/stage7_dmcag_grid/HW/HW_arch80_gamma0p1_seed3.log
DMCAG,HW,train_fc.py,80,0.1,4,0.001,10,0,True,True,True,0.9785,0.9519,0.9531,ok,ok,logs/stage7_dmcag_grid/HW/HW_arch80_gamma0p1_seed4.log
DMCAG,HW,train_fc.py,80,1,0,0.001,10,0,True,True,True,0.974,0.9409,0.9432,ok,ok,logs/stage7_dmcag_grid/HW/HW_arch80_gamma1_seed0.log
DMCAG,HW,train_fc.py,80,1,1,0.001,10,0,True,True,True,0.976,0.9461,0.9478,ok,ok,logs/stage7_dmcag_grid/HW/HW_arch80_gamma1_seed1.log
DMCAG,HW,train_fc.py,80,1,2,0.001,10,0,True,True,True,0.915,0.8846,0.8386,ok,ok,logs/stage7_dmcag_grid/HW/HW_arch80_gamma1_seed2.log
DMCAG,HW,train_fc.py,80,1,3,0.001,10,0,True,True,True,0.9775,0.9501,0.951,ok,ok,logs/stage7_dmcag_grid/HW/HW_arch80_gamma1_seed3.log
DMCAG,HW,train_fc.py,80,1,4,0.001,10,0,True,True,True,0.98,0.9538,0.9563,ok,ok,logs/stage7_dmcag_grid/HW/HW_arch80_gamma1_seed4.log
DMCAG,HW,train_fc.py,80,10,0,0.001,10,0,True,True,True,0.98,0.9542,0.9562,ok,ok,logs/stage7_dmcag_grid/HW/HW_arch80_gamma10_seed0.log
DMCAG,HW,train_fc.py,80,10,1,0.001,10,0,True,True,True,0.9785,0.9525,0.9531,ok,ok,logs/stage7_dmcag_grid/HW/HW_arch80_gamma10_seed1.log
DMCAG,HW,train_fc.py,80,10,2,0.001,10,0,True,True,True,0.98,0.9537,0.9561,ok,ok,logs/stage7_dmcag_grid/HW/HW_arch80_gamma10_seed2.log
DMCAG,HW,train_fc.py,80,10,3,0.001,10,0,True,True,True,0.98,0.955,0.9562,ok,ok,logs/stage7_dmcag_grid/HW/HW_arch80_gamma10_seed3.log
DMCAG,HW,train_fc.py,80,10,4,0.001,10,0,True,True,True,0.9785,0.9506,0.953,ok,ok,logs/stage7_dmcag_grid/HW/HW_arch80_gamma10_seed4.log
DMCAG,HW,train_fc.py,100,0.1,0,0.001,10,0,True,True,True,0.8835,0.841,0.7779,ok,ok,logs/stage7_dmcag_grid/HW/HW_arch100_gamma0p1_seed0.log
DMCAG,HW,train_fc.py,100,0.1,1,0.001,10,0,True,True,True,0.773,0.8087,0.6966,ok,ok,logs/stage7_dmcag_grid/HW/HW_arch100_gamma0p1_seed1.log
DMCAG,HW,train_fc.py,100,0.1,2,0.001,10,0,True,True,True,0.8225,0.8555,0.7759,ok,ok,logs/stage7_dmcag_grid/HW/HW_arch100_gamma0p1_seed2.log
DMCAG,HW,train_fc.py,100,0.1,3,0.001,10,0,True,True,True,0.8355,0.8345,0.7454,ok,ok,logs/stage7_dmcag_grid/HW/HW_arch100_gamma0p1_seed3.log
DMCAG,HW,train_fc.py,100,0.1,4,0.001,10,0,True,True,True,0.9775,0.9478,0.9507,ok,ok,logs/stage7_dmcag_grid/HW/HW_arch100_gamma0p1_seed4.log
DMCAG,HW,train_fc.py,100,1,0,0.001,10,0,True,True,True,0.975,0.9439,0.9455,ok,ok,logs/stage7_dmcag_grid/HW/HW_arch100_gamma1_seed0.log
DMCAG,HW,train_fc.py,100,1,1,0.001,10,0,True,True,True,0.9745,0.943,0.9444,ok,ok,logs/stage7_dmcag_grid/HW/HW_arch100_gamma1_seed1.log
DMCAG,HW,train_fc.py,100,1,2,0.001,10,0,True,True,True,0.8705,0.8623,0.7925,ok,ok,logs/stage7_dmcag_grid/HW/HW_arch100_gamma1_seed2.log
DMCAG,HW,train_fc.py,100,1,3,0.001,10,0,True,True,True,0.9775,0.9499,0.9509,ok,ok,logs/stage7_dmcag_grid/HW/HW_arch100_gamma1_seed3.log
DMCAG,HW,train_fc.py,100,1,4,0.001,10,0,True,True,True,0.978,0.9493,0.9519,ok,ok,logs/stage7_dmcag_grid/HW/HW_arch100_gamma1_seed4.log
DMCAG,HW,train_fc.py,100,10,0,0.001,10,0,True,True,True,0.978,0.9505,0.952,ok,ok,logs/stage7_dmcag_grid/HW/HW_arch100_gamma10_seed0.log
DMCAG,HW,train_fc.py,100,10,1,0.001,10,0,True,True,True,0.979,0.9521,0.954,ok,ok,logs/stage7_dmcag_grid/HW/HW_arch100_gamma10_seed1.log
DMCAG,HW,train_fc.py,100,10,2,0.001,10,0,True,True,True,0.9775,0.9485,0.9508,ok,ok,logs/stage7_dmcag_grid/HW/HW_arch100_gamma10_seed2.log
DMCAG,HW,train_fc.py,100,10,3,0.001,10,0,True,True,True,0.979,0.9525,0.9541,ok,ok,logs/stage7_dmcag_grid/HW/HW_arch100_gamma10_seed3.log
DMCAG,HW,train_fc.py,100,10,4,0.001,10,0,True,True,True,0.9785,0.9504,0.9529,ok,ok,logs/stage7_dmcag_grid/HW/HW_arch100_gamma10_seed4.log
